symbol,icon,color,explanation
AAPL,https://image-cdn.pluang.com/icons/light/global-stocks/aapl.svg,#FF0000,"Harga breakdown di bawah EMA 32, menunjukkan potensi tren turun. Volume dapat digunakan sebagai konfirmasi tambahan."
MSFT,https://image-cdn.pluang.com/icons/light/global-stocks/msft.svg,#FF0000,"Harga breakdown di bawah EMA 32, menunjukkan potensi tren turun. Volume dapat digunakan sebagai konfirmasi tambahan."
NVDA,https://image-cdn.pluang.com/icons/light/global-stocks/nvda.svg,#FF0000,"Harga breakdown di bawah EMA 32, menunjukkan potensi tren turun. Volume dapat digunakan sebagai konfirmasi tambahan."
GOOG,https://image-cdn.pluang.com/icons/light/global-stocks/goog.svg,#FF0000,"Harga breakdown di bawah EMA 32, menunjukkan potensi tren turun. Volume dapat digunakan sebagai konfirmasi tambahan."
AMZN,https://image-cdn.pluang.com/icons/light/global-stocks/amzn.svg,#FF0000,"Harga breakdown di bawah EMA 32, menunjukkan potensi tren turun. Volume dapat digunakan sebagai konfirmasi tambahan."
META,https://image-cdn.pluang.com/icons/light/global-stocks/meta.svg,#FF0000,"Harga breakdown di bawah EMA 32, menunjukkan potensi tren turun. Volume dapat digunakan sebagai konfirmasi tambahan."
AVGO,https://image-cdn.pluang.com/icons/light/global-stocks/avgo.svg,#FF0000,"Harga breakdown di bawah EMA 32, menunjukkan potensi tren turun. Volume dapat digunakan sebagai konfirmasi tambahan."
TSLA,https://image-cdn.pluang.com/icons/light/global-stocks/tsla.svg,#FF0000,"Harga breakdown di bawah EMA 32, menunjukkan potensi tren turun. Volume dapat digunakan sebagai konfirmasi tambahan."
TSM,https://image-cdn.pluang.com/icons/light/global-stocks/tsm.svg,#FF0000,"Harga breakdown di bawah EMA 32, menunjukkan potensi tren turun. Volume dapat digunakan sebagai konfirmasi tambahan."
LLY,https://image-cdn.pluang.com/icons/light/global-stocks/lly.svg,#FF0000,"Harga breakdown di bawah EMA 32, menunjukkan potensi tren turun. Volume dapat digunakan sebagai konfirmasi tambahan."
WMT,https://image-cdn.pluang.com/icons/light/global-stocks/wmt.svg,#FF0000,"Harga breakdown di bawah EMA 32, menunjukkan potensi tren turun. Volume dapat digunakan sebagai konfirmasi tambahan."
JPM,https://image-cdn.pluang.com/icons/light/global-stocks/jpm.svg,#FF0000,"Harga breakdown di bawah EMA 32, menunjukkan potensi tren turun. Volume dapat digunakan sebagai konfirmasi tambahan."
V,https://image-cdn.pluang.com/icons/light/global-stocks/v.svg,#FF0000,"Harga breakdown di bawah EMA 32, menunjukkan potensi tren turun. Volume dapat digunakan sebagai konfirmasi tambahan."
MA,https://image-cdn.pluang.com/icons/light/global-stocks/ma.svg,#FF0000,"Harga breakdown di bawah EMA 32, menunjukkan potensi tren turun. Volume dapat digunakan sebagai konfirmasi tambahan."
UNH,https://image-cdn.pluang.com/icons/light/global-stocks/unh.svg,#FF0000,"Harga breakdown di bawah EMA 32, menunjukkan potensi tren turun. Volume dapat digunakan sebagai konfirmasi tambahan."
ORCL,https://image-cdn.pluang.com/icons/light/global-stocks/orcl.svg,#FF0000,"Harga breakdown di bawah EMA 32, menunjukkan potensi tren turun. Volume dapat digunakan sebagai konfirmasi tambahan."
COST,https://image-cdn.pluang.com/icons/light/global-stocks/cost.svg,#FF0000,"Harga breakdown di bawah EMA 32, menunjukkan potensi tren turun. Volume dapat digunakan sebagai konfirmasi tambahan."
PG,https://image-cdn.pluang.com/icons/light/global-stocks/pg.svg,#FF0000,"Harga breakdown di bawah EMA 32, menunjukkan potensi tren turun. Volume dapat digunakan sebagai konfirmasi tambahan."
NVO,https://image-cdn.pluang.com/icons/light/global-stocks/nvo.svg,#FF0000,"Harga breakdown di bawah EMA 32, menunjukkan potensi tren turun. Volume dapat digunakan sebagai konfirmasi tambahan."
NFLX,https://image-cdn.pluang.com/icons/light/global-stocks/nflx.svg,#FF0000,"Harga breakdown di bawah EMA 32, menunjukkan potensi tren turun. Volume dapat digunakan sebagai konfirmasi tambahan."
HD,https://image-cdn.pluang.com/icons/light/global-stocks/hd.svg,#FF0000,"Harga breakdown di bawah EMA 32, menunjukkan potensi tren turun. Volume dapat digunakan sebagai konfirmasi tambahan."
BABA,https://image-cdn.pluang.com/icons/light/global-stocks/baba.svg,#FF0000,"Harga breakdown di bawah EMA 32, menunjukkan potensi tren turun. Volume dapat digunakan sebagai konfirmasi tambahan."
SAP,https://image-cdn.pluang.com/icons/light/global-stocks/sap.svg,#FF0000,"Harga breakdown di bawah EMA 32, menunjukkan potensi tren turun. Volume dapat digunakan sebagai konfirmasi tambahan."
BAC,https://image-cdn.pluang.com/icons/light/global-stocks/bac.svg,#FF0000,"Harga breakdown di bawah EMA 32, menunjukkan potensi tren turun. Volume dapat digunakan sebagai konfirmasi tambahan."
KO,https://image-cdn.pluang.com/icons/light/global-stocks/ko.svg,#FF0000,"Harga breakdown di bawah EMA 32, menunjukkan potensi tren turun. Volume dapat digunakan sebagai konfirmasi tambahan."
ASML,https://image-cdn.pluang.com/icons/light/global-stocks/asml.svg,#FF0000,"Harga breakdown di bawah EMA 32, menunjukkan potensi tren turun. Volume dapat digunakan sebagai konfirmasi tambahan."
CRM,https://image-cdn.pluang.com/icons/light/global-stocks/crm.svg,#FF0000,"Harga breakdown di bawah EMA 32, menunjukkan potensi tren turun. Volume dapat digunakan sebagai konfirmasi tambahan."
CSCO,https://image-cdn.pluang.com/icons/light/global-stocks/csco.svg,#FF0000,"Harga breakdown di bawah EMA 32, menunjukkan potensi tren turun. Volume dapat digunakan sebagai konfirmasi tambahan."
TM,https://image-cdn.pluang.com/icons/light/global-stocks/tm.svg,#FF0000,"Harga breakdown di bawah EMA 32, menunjukkan potensi tren turun. Volume dapat digunakan sebagai konfirmasi tambahan."
IBM,https://image-cdn.pluang.com/icons/light/global-stocks/ibm.svg,#FF0000,"Harga breakdown di bawah EMA 32, menunjukkan potensi tren turun. Volume dapat digunakan sebagai konfirmasi tambahan."
AZN,https://image-cdn.pluang.com/icons/light/global-stocks/azn.svg,#FF0000,"Harga breakdown di bawah EMA 32, menunjukkan potensi tren turun. Volume dapat digunakan sebagai konfirmasi tambahan."
ABT,https://image-cdn.pluang.com/icons/light/global-stocks/abt.svg,#FF0000,"Harga breakdown di bawah EMA 32, menunjukkan potensi tren turun. Volume dapat digunakan sebagai konfirmasi tambahan."
PM,https://image-cdn.pluang.com/icons/light/global-stocks/pm.svg,#FF0000,"Harga breakdown di bawah EMA 32, menunjukkan potensi tren turun. Volume dapat digunakan sebagai konfirmasi tambahan."
WFC,https://image-cdn.pluang.com/icons/light/global-stocks/wfc.svg,#FF0000,"Harga breakdown di bawah EMA 32, menunjukkan potensi tren turun. Volume dapat digunakan sebagai konfirmasi tambahan."
MCD,https://image-cdn.pluang.com/icons/light/global-stocks/mcd.svg,#FF0000,"Harga breakdown di bawah EMA 32, menunjukkan potensi tren turun. Volume dapat digunakan sebagai konfirmasi tambahan."
LIN,https://image-cdn.pluang.com/icons/light/global-stocks/lin.svg,#FF0000,"Harga breakdown di bawah EMA 32, menunjukkan potensi tren turun. Volume dapat digunakan sebagai konfirmasi tambahan."
ACN,https://image-cdn.pluang.com/icons/light/global-stocks/acn.svg,#FF0000,"Harga breakdown di bawah EMA 32, menunjukkan potensi tren turun. Volume dapat digunakan sebagai konfirmasi tambahan."
GE,https://image-cdn.pluang.com/icons/light/global-stocks/ge.svg,#FF0000,"Harga breakdown di bawah EMA 32, menunjukkan potensi tren turun. Volume dapat digunakan sebagai konfirmasi tambahan."
PLTR,https://image-cdn.pluang.com/icons/light/global-stocks/pltr.svg,#FF0000,"Harga breakdown di bawah EMA 32, menunjukkan potensi tren turun. Volume dapat digunakan sebagai konfirmasi tambahan."
ADBE,https://image-cdn.pluang.com/icons/light/global-stocks/adbe.svg,#FF0000,"Harga breakdown di bawah EMA 32, menunjukkan potensi tren turun. Volume dapat digunakan sebagai konfirmasi tambahan."
MS,https://image-cdn.pluang.com/icons/light/global-stocks/ms.svg,#FF0000,"Harga breakdown di bawah EMA 32, menunjukkan potensi tren turun. Volume dapat digunakan sebagai konfirmasi tambahan."
AXP,https://image-cdn.pluang.com/icons/light/global-stocks/axp.svg,#FF0000,"Harga breakdown di bawah EMA 32, menunjukkan potensi tren turun. Volume dapat digunakan sebagai konfirmasi tambahan."
DIS,https://image-cdn.pluang.com/icons/light/global-stocks/dis.svg,#FF0000,"Harga breakdown di bawah EMA 32, menunjukkan potensi tren turun. Volume dapat digunakan sebagai konfirmasi tambahan."
ISRG,https://image-cdn.pluang.com/icons/light/global-stocks/isrg.svg,#FF0000,"Harga breakdown di bawah EMA 32, menunjukkan potensi tren turun. Volume dapat digunakan sebagai konfirmasi tambahan."
QCOM,https://image-cdn.pluang.com/icons/light/global-stocks/qcom.svg,#FF0000,"Harga breakdown di bawah EMA 32, menunjukkan potensi tren turun. Volume dapat digunakan sebagai konfirmasi tambahan."
NOW,https://image-cdn.pluang.com/icons/light/global-stocks/now.svg,#FF0000,"Harga breakdown di bawah EMA 32, menunjukkan potensi tren turun. Volume dapat digunakan sebagai konfirmasi tambahan."
GS,https://image-cdn.pluang.com/icons/light/global-stocks/gs.svg,#FF0000,"Harga breakdown di bawah EMA 32, menunjukkan potensi tren turun. Volume dapat digunakan sebagai konfirmasi tambahan."
TXN,https://image-cdn.pluang.com/icons/light/global-stocks/txn.svg,#FF0000,"Harga breakdown di bawah EMA 32, menunjukkan potensi tren turun. Volume dapat digunakan sebagai konfirmasi tambahan."
INTU,https://image-cdn.pluang.com/icons/light/global-stocks/intu.svg,#FF0000,"Harga breakdown di bawah EMA 32, menunjukkan potensi tren turun. Volume dapat digunakan sebagai konfirmasi tambahan."
PGR,https://image-cdn.pluang.com/icons/light/global-stocks/pgr.svg,#FF0000,"Harga breakdown di bawah EMA 32, menunjukkan potensi tren turun. Volume dapat digunakan sebagai konfirmasi tambahan."
AMD,https://image-cdn.pluang.com/icons/light/global-stocks/amd.svg,#FF0000,"Harga breakdown di bawah EMA 32, menunjukkan potensi tren turun. Volume dapat digunakan sebagai konfirmasi tambahan."
UBER,https://image-cdn.pluang.com/icons/light/global-stocks/uber.svg,#FF0000,"Harga breakdown di bawah EMA 32, menunjukkan potensi tren turun. Volume dapat digunakan sebagai konfirmasi tambahan."
BKNG,https://image-cdn.pluang.com/icons/light/global-stocks/bkng.svg,#FF0000,"Harga breakdown di bawah EMA 32, menunjukkan potensi tren turun. Volume dapat digunakan sebagai konfirmasi tambahan."
SPGI,https://image-cdn.pluang.com/icons/light/global-stocks/spgi.svg,#FF0000,"Harga breakdown di bawah EMA 32, menunjukkan potensi tren turun. Volume dapat digunakan sebagai konfirmasi tambahan."
DHR,https://image-cdn.pluang.com/icons/light/global-stocks/dhr.svg,#FF0000,"Harga breakdown di bawah EMA 32, menunjukkan potensi tren turun. Volume dapat digunakan sebagai konfirmasi tambahan."
BLK,https://image-cdn.pluang.com/icons/light/global-stocks/blk.svg,#FF0000,"Harga breakdown di bawah EMA 32, menunjukkan potensi tren turun. Volume dapat digunakan sebagai konfirmasi tambahan."
BSX,https://image-cdn.pluang.com/icons/light/global-stocks/bsx.svg,#FF0000,"Harga breakdown di bawah EMA 32, menunjukkan potensi tren turun. Volume dapat digunakan sebagai konfirmasi tambahan."
GILD,https://image-cdn.pluang.com/icons/light/global-stocks/gild.svg,#FF0000,"Harga breakdown di bawah EMA 32, menunjukkan potensi tren turun. Volume dapat digunakan sebagai konfirmasi tambahan."
SONY,https://image-cdn.pluang.com/icons/light/global-stocks/sony.svg,#FF0000,"Harga breakdown di bawah EMA 32, menunjukkan potensi tren turun. Volume dapat digunakan sebagai konfirmasi tambahan."
CMCSA,https://image-cdn.pluang.com/icons/light/global-stocks/cmcsa.svg,#FF0000,"Harga breakdown di bawah EMA 32, menunjukkan potensi tren turun. Volume dapat digunakan sebagai konfirmasi tambahan."
LOW,https://image-cdn.pluang.com/icons/light/global-stocks/low.svg,#FF0000,"Harga breakdown di bawah EMA 32, menunjukkan potensi tren turun. Volume dapat digunakan sebagai konfirmasi tambahan."
SCHW,https://image-cdn.pluang.com/icons/light/global-stocks/schw.svg,#FF0000,"Harga breakdown di bawah EMA 32, menunjukkan potensi tren turun. Volume dapat digunakan sebagai konfirmasi tambahan."
TJX,https://image-cdn.pluang.com/icons/light/global-stocks/tjx.svg,#FF0000,"Harga breakdown di bawah EMA 32, menunjukkan potensi tren turun. Volume dapat digunakan sebagai konfirmasi tambahan."
C,https://image-cdn.pluang.com/icons/light/global-stocks/c.svg,#FF0000,"Harga breakdown di bawah EMA 32, menunjukkan potensi tren turun. Volume dapat digunakan sebagai konfirmasi tambahan."
SHOP,https://image-cdn.pluang.com/icons/light/global-stocks/shop.svg,#FF0000,"Harga breakdown di bawah EMA 32, menunjukkan potensi tren turun. Volume dapat digunakan sebagai konfirmasi tambahan."
AMAT,https://image-cdn.pluang.com/icons/light/global-stocks/amat.svg,#FF0000,"Harga breakdown di bawah EMA 32, menunjukkan potensi tren turun. Volume dapat digunakan sebagai konfirmasi tambahan."
BHP,https://image-cdn.pluang.com/icons/light/global-stocks/bhp.svg,#FF0000,"Harga breakdown di bawah EMA 32, menunjukkan potensi tren turun. Volume dapat digunakan sebagai konfirmasi tambahan."
ADP,https://image-cdn.pluang.com/icons/light/global-stocks/adp.svg,#FF0000,"Harga breakdown di bawah EMA 32, menunjukkan potensi tren turun. Volume dapat digunakan sebagai konfirmasi tambahan."
BUD,https://image-cdn.pluang.com/icons/light/global-stocks/bud.svg,#FF0000,"Harga breakdown di bawah EMA 32, menunjukkan potensi tren turun. Volume dapat digunakan sebagai konfirmasi tambahan."
MDT,https://image-cdn.pluang.com/icons/light/global-stocks/mdt.svg,#FF0000,"Harga breakdown di bawah EMA 32, menunjukkan potensi tren turun. Volume dapat digunakan sebagai konfirmasi tambahan."
SBUX,https://image-cdn.pluang.com/icons/light/global-stocks/sbux.svg,#FF0000,"Harga breakdown di bawah EMA 32, menunjukkan potensi tren turun. Volume dapat digunakan sebagai konfirmasi tambahan."
PANW,https://image-cdn.pluang.com/icons/light/global-stocks/panw.svg,#FF0000,"Harga breakdown di bawah EMA 32, menunjukkan potensi tren turun. Volume dapat digunakan sebagai konfirmasi tambahan."
NKE,https://image-cdn.pluang.com/icons/light/global-stocks/nke.svg,#FF0000,"Harga breakdown di bawah EMA 32, menunjukkan potensi tren turun. Volume dapat digunakan sebagai konfirmasi tambahan."
BA,https://image-cdn.pluang.com/icons/light/global-stocks/ba.svg,#FF0000,"Harga breakdown di bawah EMA 32, menunjukkan potensi tren turun. Volume dapat digunakan sebagai konfirmasi tambahan."
ADI,https://image-cdn.pluang.com/icons/light/global-stocks/adi.svg,#FF0000,"Harga breakdown di bawah EMA 32, menunjukkan potensi tren turun. Volume dapat digunakan sebagai konfirmasi tambahan."
BX,https://image-cdn.pluang.com/icons/light/global-stocks/bx.svg,#FF0000,"Harga breakdown di bawah EMA 32, menunjukkan potensi tren turun. Volume dapat digunakan sebagai konfirmasi tambahan."
PLD,https://image-cdn.pluang.com/icons/light/global-stocks/pld.svg,#FF0000,"Harga breakdown di bawah EMA 32, menunjukkan potensi tren turun. Volume dapat digunakan sebagai konfirmasi tambahan."
SPOT,https://image-cdn.pluang.com/icons/light/global-stocks/spot.svg,#FF0000,"Harga breakdown di bawah EMA 32, menunjukkan potensi tren turun. Volume dapat digunakan sebagai konfirmasi tambahan."
ANET,https://image-cdn.pluang.com/icons/light/global-stocks/anet.svg,#FF0000,"Harga breakdown di bawah EMA 32, menunjukkan potensi tren turun. Volume dapat digunakan sebagai konfirmasi tambahan."
TD,https://image-cdn.pluang.com/icons/light/global-stocks/td.svg,#FF0000,"Harga breakdown di bawah EMA 32, menunjukkan potensi tren turun. Volume dapat digunakan sebagai konfirmasi tambahan."
UPS,https://image-cdn.pluang.com/icons/light/global-stocks/ups.svg,#FF0000,"Harga breakdown di bawah EMA 32, menunjukkan potensi tren turun. Volume dapat digunakan sebagai konfirmasi tambahan."
MU,https://image-cdn.pluang.com/icons/light/global-stocks/mu.svg,#FF0000,"Harga breakdown di bawah EMA 32, menunjukkan potensi tren turun. Volume dapat digunakan sebagai konfirmasi tambahan."
MELI,https://image-cdn.pluang.com/icons/light/global-stocks/meli.svg,#FF0000,"Harga breakdown di bawah EMA 32, menunjukkan potensi tren turun. Volume dapat digunakan sebagai konfirmasi tambahan."
LRCX,https://image-cdn.pluang.com/icons/light/global-stocks/lrcx.svg,#FF0000,"Harga breakdown di bawah EMA 32, menunjukkan potensi tren turun. Volume dapat digunakan sebagai konfirmasi tambahan."
KLAC,https://image-cdn.pluang.com/icons/light/global-stocks/klac.svg,#FF0000,"Harga breakdown di bawah EMA 32, menunjukkan potensi tren turun. Volume dapat digunakan sebagai konfirmasi tambahan."
WM,https://image-cdn.pluang.com/icons/light/global-stocks/wm.svg,#FF0000,"Harga breakdown di bawah EMA 32, menunjukkan potensi tren turun. Volume dapat digunakan sebagai konfirmasi tambahan."
INTC,https://image-cdn.pluang.com/icons/light/global-stocks/intc.svg,#FF0000,"Harga breakdown di bawah EMA 32, menunjukkan potensi tren turun. Volume dapat digunakan sebagai konfirmasi tambahan."
AON,https://image-cdn.pluang.com/icons/light/global-stocks/aon.svg,#FF0000,"Harga breakdown di bawah EMA 32, menunjukkan potensi tren turun. Volume dapat digunakan sebagai konfirmasi tambahan."
EQIX,https://image-cdn.pluang.com/icons/light/global-stocks/eqix.svg,#FF0000,"Harga breakdown di bawah EMA 32, menunjukkan potensi tren turun. Volume dapat digunakan sebagai konfirmasi tambahan."
CVS,https://image-cdn.pluang.com/icons/light/global-stocks/cvs.svg,#FF0000,"Harga breakdown di bawah EMA 32, menunjukkan potensi tren turun. Volume dapat digunakan sebagai konfirmasi tambahan."
ABNB,https://image-cdn.pluang.com/icons/light/global-stocks/abnb.svg,#FF0000,"Harga breakdown di bawah EMA 32, menunjukkan potensi tren turun. Volume dapat digunakan sebagai konfirmasi tambahan."
MCO,https://image-cdn.pluang.com/icons/light/global-stocks/mco.svg,#FF0000,"Harga breakdown di bawah EMA 32, menunjukkan potensi tren turun. Volume dapat digunakan sebagai konfirmasi tambahan."
CRWD,https://image-cdn.pluang.com/icons/light/global-stocks/crwd.svg,#FF0000,"Harga breakdown di bawah EMA 32, menunjukkan potensi tren turun. Volume dapat digunakan sebagai konfirmasi tambahan."
CTAS,https://image-cdn.pluang.com/icons/light/global-stocks/ctas.svg,#FF0000,"Harga breakdown di bawah EMA 32, menunjukkan potensi tren turun. Volume dapat digunakan sebagai konfirmasi tambahan."
BBVA,https://image-cdn.pluang.com/icons/light/global-stocks/bbva.svg,#FF0000,"Harga breakdown di bawah EMA 32, menunjukkan potensi tren turun. Volume dapat digunakan sebagai konfirmasi tambahan."
ITW,https://image-cdn.pluang.com/icons/light/global-stocks/itw.svg,#FF0000,"Harga breakdown di bawah EMA 32, menunjukkan potensi tren turun. Volume dapat digunakan sebagai konfirmasi tambahan."
TRI,https://image-cdn.pluang.com/icons/light/global-stocks/tri.svg,#FF0000,"Harga breakdown di bawah EMA 32, menunjukkan potensi tren turun. Volume dapat digunakan sebagai konfirmasi tambahan."
RACE,https://image-cdn.pluang.com/icons/light/global-stocks/race.svg,#FF0000,"Harga breakdown di bawah EMA 32, menunjukkan potensi tren turun. Volume dapat digunakan sebagai konfirmasi tambahan."
SE,https://image-cdn.pluang.com/icons/light/global-stocks/se.svg,#FF0000,"Harga breakdown di bawah EMA 32, menunjukkan potensi tren turun. Volume dapat digunakan sebagai konfirmasi tambahan."
FTNT,https://image-cdn.pluang.com/icons/light/global-stocks/ftnt.svg,#FF0000,"Harga breakdown di bawah EMA 32, menunjukkan potensi tren turun. Volume dapat digunakan sebagai konfirmasi tambahan."
ECL,https://image-cdn.pluang.com/icons/light/global-stocks/ecl.svg,#FF0000,"Harga breakdown di bawah EMA 32, menunjukkan potensi tren turun. Volume dapat digunakan sebagai konfirmasi tambahan."
DASH,https://image-cdn.pluang.com/icons/light/global-stocks/dash.svg,#FF0000,"Harga breakdown di bawah EMA 32, menunjukkan potensi tren turun. Volume dapat digunakan sebagai konfirmasi tambahan."
MSTR,https://image-cdn.pluang.com/icons/light/global-stocks/mstr.svg,#FF0000,"Harga breakdown di bawah EMA 32, menunjukkan potensi tren turun. Volume dapat digunakan sebagai konfirmasi tambahan."
MAR,https://image-cdn.pluang.com/icons/light/global-stocks/mar.svg,#FF0000,"Harga breakdown di bawah EMA 32, menunjukkan potensi tren turun. Volume dapat digunakan sebagai konfirmasi tambahan."
SCCO,https://image-cdn.pluang.com/icons/light/global-stocks/scco.svg,#FF0000,"Harga breakdown di bawah EMA 32, menunjukkan potensi tren turun. Volume dapat digunakan sebagai konfirmasi tambahan."
BMO,https://image-cdn.pluang.com/icons/light/global-stocks/bmo.svg,#FF0000,"Harga breakdown di bawah EMA 32, menunjukkan potensi tren turun. Volume dapat digunakan sebagai konfirmasi tambahan."
MSI,https://image-cdn.pluang.com/icons/light/global-stocks/msi.svg,#FF0000,"Harga breakdown di bawah EMA 32, menunjukkan potensi tren turun. Volume dapat digunakan sebagai konfirmasi tambahan."
APD,https://image-cdn.pluang.com/icons/light/global-stocks/apd.svg,#FF0000,"Harga breakdown di bawah EMA 32, menunjukkan potensi tren turun. Volume dapat digunakan sebagai konfirmasi tambahan."
PYPL,https://image-cdn.pluang.com/icons/light/global-stocks/pypl.svg,#FF0000,"Harga breakdown di bawah EMA 32, menunjukkan potensi tren turun. Volume dapat digunakan sebagai konfirmasi tambahan."
SNPS,https://image-cdn.pluang.com/icons/light/global-stocks/snps.svg,#FF0000,"Harga breakdown di bawah EMA 32, menunjukkan potensi tren turun. Volume dapat digunakan sebagai konfirmasi tambahan."
USB,https://image-cdn.pluang.com/icons/light/global-stocks/usb.svg,#FF0000,"Harga breakdown di bawah EMA 32, menunjukkan potensi tren turun. Volume dapat digunakan sebagai konfirmasi tambahan."
CMG,https://image-cdn.pluang.com/icons/light/global-stocks/cmg.svg,#FF0000,"Harga breakdown di bawah EMA 32, menunjukkan potensi tren turun. Volume dapat digunakan sebagai konfirmasi tambahan."
WDAY,https://image-cdn.pluang.com/icons/light/global-stocks/wday.svg,#FF0000,"Harga breakdown di bawah EMA 32, menunjukkan potensi tren turun. Volume dapat digunakan sebagai konfirmasi tambahan."
NTES,https://image-cdn.pluang.com/icons/light/global-stocks/ntes.svg,#FF0000,"Harga breakdown di bawah EMA 32, menunjukkan potensi tren turun. Volume dapat digunakan sebagai konfirmasi tambahan."
JD,https://image-cdn.pluang.com/icons/light/global-stocks/jd.svg,#FF0000,"Harga breakdown di bawah EMA 32, menunjukkan potensi tren turun. Volume dapat digunakan sebagai konfirmasi tambahan."
EMR,https://image-cdn.pluang.com/icons/light/global-stocks/emr.svg,#FF0000,"Harga breakdown di bawah EMA 32, menunjukkan potensi tren turun. Volume dapat digunakan sebagai konfirmasi tambahan."
CDNS,https://image-cdn.pluang.com/icons/light/global-stocks/cdns.svg,#FF0000,"Harga breakdown di bawah EMA 32, menunjukkan potensi tren turun. Volume dapat digunakan sebagai konfirmasi tambahan."
WMB,https://image-cdn.pluang.com/icons/light/global-stocks/wmb.svg,#FF0000,"Harga breakdown di bawah EMA 32, menunjukkan potensi tren turun. Volume dapat digunakan sebagai konfirmasi tambahan."
COF,https://image-cdn.pluang.com/icons/light/global-stocks/cof.svg,#FF0000,"Harga breakdown di bawah EMA 32, menunjukkan potensi tren turun. Volume dapat digunakan sebagai konfirmasi tambahan."
BDX,https://image-cdn.pluang.com/icons/light/global-stocks/bdx.svg,#FF0000,"Harga breakdown di bawah EMA 32, menunjukkan potensi tren turun. Volume dapat digunakan sebagai konfirmasi tambahan."
DELL,https://image-cdn.pluang.com/icons/light/global-stocks/dell.svg,#FF0000,"Harga breakdown di bawah EMA 32, menunjukkan potensi tren turun. Volume dapat digunakan sebagai konfirmasi tambahan."
CNI,https://image-cdn.pluang.com/icons/light/global-stocks/cni.svg,#FF0000,"Harga breakdown di bawah EMA 32, menunjukkan potensi tren turun. Volume dapat digunakan sebagai konfirmasi tambahan."
TEAM,https://image-cdn.pluang.com/icons/light/global-stocks/team.svg,#FF0000,"Harga breakdown di bawah EMA 32, menunjukkan potensi tren turun. Volume dapat digunakan sebagai konfirmasi tambahan."
ING,https://image-cdn.pluang.com/icons/light/global-stocks/ing.svg,#FF0000,"Harga breakdown di bawah EMA 32, menunjukkan potensi tren turun. Volume dapat digunakan sebagai konfirmasi tambahan."
BK,https://image-cdn.pluang.com/icons/light/global-stocks/bk.svg,#FF0000,"Harga breakdown di bawah EMA 32, menunjukkan potensi tren turun. Volume dapat digunakan sebagai konfirmasi tambahan."
MRVL,https://image-cdn.pluang.com/icons/light/global-stocks/mrvl.svg,#FF0000,"Harga breakdown di bawah EMA 32, menunjukkan potensi tren turun. Volume dapat digunakan sebagai konfirmasi tambahan."
FDX,https://image-cdn.pluang.com/icons/light/global-stocks/fdx.svg,#FF0000,"Harga breakdown di bawah EMA 32, menunjukkan potensi tren turun. Volume dapat digunakan sebagai konfirmasi tambahan."
BNS,https://image-cdn.pluang.com/icons/light/global-stocks/bns.svg,#FF0000,"Harga breakdown di bawah EMA 32, menunjukkan potensi tren turun. Volume dapat digunakan sebagai konfirmasi tambahan."
HLT,https://image-cdn.pluang.com/icons/light/global-stocks/hlt.svg,#FF0000,"Harga breakdown di bawah EMA 32, menunjukkan potensi tren turun. Volume dapat digunakan sebagai konfirmasi tambahan."
AFL,https://image-cdn.pluang.com/icons/light/global-stocks/afl.svg,#FF0000,"Harga breakdown di bawah EMA 32, menunjukkan potensi tren turun. Volume dapat digunakan sebagai konfirmasi tambahan."
CSX,https://image-cdn.pluang.com/icons/light/global-stocks/csx.svg,#FF0000,"Harga breakdown di bawah EMA 32, menunjukkan potensi tren turun. Volume dapat digunakan sebagai konfirmasi tambahan."
KMI,https://image-cdn.pluang.com/icons/light/global-stocks/kmi.svg,#FF0000,"Harga breakdown di bawah EMA 32, menunjukkan potensi tren turun. Volume dapat digunakan sebagai konfirmasi tambahan."
RCL,https://image-cdn.pluang.com/icons/light/global-stocks/rcl.svg,#FF0000,"Harga breakdown di bawah EMA 32, menunjukkan potensi tren turun. Volume dapat digunakan sebagai konfirmasi tambahan."
SPG,https://image-cdn.pluang.com/icons/light/global-stocks/spg.svg,#FF0000,"Harga breakdown di bawah EMA 32, menunjukkan potensi tren turun. Volume dapat digunakan sebagai konfirmasi tambahan."
ADSK,https://image-cdn.pluang.com/icons/light/global-stocks/adsk.svg,#FF0000,"Harga breakdown di bawah EMA 32, menunjukkan potensi tren turun. Volume dapat digunakan sebagai konfirmasi tambahan."
BCS,https://image-cdn.pluang.com/icons/light/global-stocks/bcs.svg,#FF0000,"Harga breakdown di bawah EMA 32, menunjukkan potensi tren turun. Volume dapat digunakan sebagai konfirmasi tambahan."
COIN,https://image-cdn.pluang.com/icons/light/global-stocks/coin.svg,#FF0000,"Harga breakdown di bawah EMA 32, menunjukkan potensi tren turun. Volume dapat digunakan sebagai konfirmasi tambahan."
CHTR,https://image-cdn.pluang.com/icons/light/global-stocks/chtr.svg,#FF0000,"Harga breakdown di bawah EMA 32, menunjukkan potensi tren turun. Volume dapat digunakan sebagai konfirmasi tambahan."
ALL,https://image-cdn.pluang.com/icons/light/global-stocks/all.svg,#FF0000,"Harga breakdown di bawah EMA 32, menunjukkan potensi tren turun. Volume dapat digunakan sebagai konfirmasi tambahan."
FCX,https://image-cdn.pluang.com/icons/light/global-stocks/fcx.svg,#FF0000,"Harga breakdown di bawah EMA 32, menunjukkan potensi tren turun. Volume dapat digunakan sebagai konfirmasi tambahan."
JCI,https://image-cdn.pluang.com/icons/light/global-stocks/jci.svg,#FF0000,"Harga breakdown di bawah EMA 32, menunjukkan potensi tren turun. Volume dapat digunakan sebagai konfirmasi tambahan."
SNOW,https://image-cdn.pluang.com/icons/light/global-stocks/snow.svg,#FF0000,"Harga breakdown di bawah EMA 32, menunjukkan potensi tren turun. Volume dapat digunakan sebagai konfirmasi tambahan."
TGT,https://image-cdn.pluang.com/icons/light/global-stocks/tgt.svg,#FF0000,"Harga breakdown di bawah EMA 32, menunjukkan potensi tren turun. Volume dapat digunakan sebagai konfirmasi tambahan."
NU,https://image-cdn.pluang.com/icons/light/global-stocks/nu.svg,#FF0000,"Harga breakdown di bawah EMA 32, menunjukkan potensi tren turun. Volume dapat digunakan sebagai konfirmasi tambahan."
MFC,https://image-cdn.pluang.com/icons/light/global-stocks/mfc.svg,#FF0000,"Harga breakdown di bawah EMA 32, menunjukkan potensi tren turun. Volume dapat digunakan sebagai konfirmasi tambahan."
DLR,https://image-cdn.pluang.com/icons/light/global-stocks/dlr.svg,#FF0000,"Harga breakdown di bawah EMA 32, menunjukkan potensi tren turun. Volume dapat digunakan sebagai konfirmasi tambahan."
AEM,https://image-cdn.pluang.com/icons/light/global-stocks/aem.svg,#FF0000,"Harga breakdown di bawah EMA 32, menunjukkan potensi tren turun. Volume dapat digunakan sebagai konfirmasi tambahan."
NEM,https://image-cdn.pluang.com/icons/light/global-stocks/nem.svg,#FF0000,"Harga breakdown di bawah EMA 32, menunjukkan potensi tren turun. Volume dapat digunakan sebagai konfirmasi tambahan."
DB,https://image-cdn.pluang.com/icons/light/global-stocks/db.svg,#FF0000,"Harga breakdown di bawah EMA 32, menunjukkan potensi tren turun. Volume dapat digunakan sebagai konfirmasi tambahan."
YUM,https://image-cdn.pluang.com/icons/light/global-stocks/yum.svg,#FF0000,"Harga breakdown di bawah EMA 32, menunjukkan potensi tren turun. Volume dapat digunakan sebagai konfirmasi tambahan."
ALC,https://image-cdn.pluang.com/icons/light/global-stocks/alc.svg,#FF0000,"Harga breakdown di bawah EMA 32, menunjukkan potensi tren turun. Volume dapat digunakan sebagai konfirmasi tambahan."
ROST,https://image-cdn.pluang.com/icons/light/global-stocks/rost.svg,#FF0000,"Harga breakdown di bawah EMA 32, menunjukkan potensi tren turun. Volume dapat digunakan sebagai konfirmasi tambahan."
NET,https://image-cdn.pluang.com/icons/light/global-stocks/net.svg,#FF0000,"Harga breakdown di bawah EMA 32, menunjukkan potensi tren turun. Volume dapat digunakan sebagai konfirmasi tambahan."
MSCI,https://image-cdn.pluang.com/icons/light/global-stocks/msci.svg,#FF0000,"Harga breakdown di bawah EMA 32, menunjukkan potensi tren turun. Volume dapat digunakan sebagai konfirmasi tambahan."
MPC,https://image-cdn.pluang.com/icons/light/global-stocks/mpc.svg,#FF0000,"Harga breakdown di bawah EMA 32, menunjukkan potensi tren turun. Volume dapat digunakan sebagai konfirmasi tambahan."
NDAQ,https://image-cdn.pluang.com/icons/light/global-stocks/ndaq.svg,#FF0000,"Harga breakdown di bawah EMA 32, menunjukkan potensi tren turun. Volume dapat digunakan sebagai konfirmasi tambahan."
TCOM,https://image-cdn.pluang.com/icons/light/global-stocks/tcom.svg,#FF0000,"Harga breakdown di bawah EMA 32, menunjukkan potensi tren turun. Volume dapat digunakan sebagai konfirmasi tambahan."
BKR,https://image-cdn.pluang.com/icons/light/global-stocks/bkr.svg,#FF0000,"Harga breakdown di bawah EMA 32, menunjukkan potensi tren turun. Volume dapat digunakan sebagai konfirmasi tambahan."
AME,https://image-cdn.pluang.com/icons/light/global-stocks/ame.svg,#FF0000,"Harga breakdown di bawah EMA 32, menunjukkan potensi tren turun. Volume dapat digunakan sebagai konfirmasi tambahan."
VALE,https://image-cdn.pluang.com/icons/light/global-stocks/vale.svg,#FF0000,"Harga breakdown di bawah EMA 32, menunjukkan potensi tren turun. Volume dapat digunakan sebagai konfirmasi tambahan."
GRMN,https://image-cdn.pluang.com/icons/light/global-stocks/grmn.svg,#FF0000,"Harga breakdown di bawah EMA 32, menunjukkan potensi tren turun. Volume dapat digunakan sebagai konfirmasi tambahan."
LULU,https://image-cdn.pluang.com/icons/light/global-stocks/lulu.svg,#FF0000,"Harga breakdown di bawah EMA 32, menunjukkan potensi tren turun. Volume dapat digunakan sebagai konfirmasi tambahan."
CTSH,https://image-cdn.pluang.com/icons/light/global-stocks/ctsh.svg,#FF0000,"Harga breakdown di bawah EMA 32, menunjukkan potensi tren turun. Volume dapat digunakan sebagai konfirmasi tambahan."
CPNG,https://image-cdn.pluang.com/icons/light/global-stocks/cpng.svg,#FF0000,"Harga breakdown di bawah EMA 32, menunjukkan potensi tren turun. Volume dapat digunakan sebagai konfirmasi tambahan."
FANG,https://image-cdn.pluang.com/icons/light/global-stocks/fang.svg,#FF0000,"Harga breakdown di bawah EMA 32, menunjukkan potensi tren turun. Volume dapat digunakan sebagai konfirmasi tambahan."
PRU,https://image-cdn.pluang.com/icons/light/global-stocks/pru.svg,#FF0000,"Harga breakdown di bawah EMA 32, menunjukkan potensi tren turun. Volume dapat digunakan sebagai konfirmasi tambahan."
GLW,https://image-cdn.pluang.com/icons/light/global-stocks/glw.svg,#FF0000,"Harga breakdown di bawah EMA 32, menunjukkan potensi tren turun. Volume dapat digunakan sebagai konfirmasi tambahan."
HOOD,https://image-cdn.pluang.com/icons/light/global-stocks/hood.svg,#FF0000,"Harga breakdown di bawah EMA 32, menunjukkan potensi tren turun. Volume dapat digunakan sebagai konfirmasi tambahan."
ODFL,https://image-cdn.pluang.com/icons/light/global-stocks/odfl.svg,#FF0000,"Harga breakdown di bawah EMA 32, menunjukkan potensi tren turun. Volume dapat digunakan sebagai konfirmasi tambahan."
RBLX,https://image-cdn.pluang.com/icons/light/global-stocks/rblx.svg,#FF0000,"Harga breakdown di bawah EMA 32, menunjukkan potensi tren turun. Volume dapat digunakan sebagai konfirmasi tambahan."
DDOG,https://image-cdn.pluang.com/icons/light/global-stocks/ddog.svg,#FF0000,"Harga breakdown di bawah EMA 32, menunjukkan potensi tren turun. Volume dapat digunakan sebagai konfirmasi tambahan."
XYZ,https://image-cdn.pluang.com/icons/light/global-stocks/xyz.svg,#FF0000,"Harga breakdown di bawah EMA 32, menunjukkan potensi tren turun. Volume dapat digunakan sebagai konfirmasi tambahan."
IT,https://image-cdn.pluang.com/icons/light/global-stocks/it.svg,#FF0000,"Harga breakdown di bawah EMA 32, menunjukkan potensi tren turun. Volume dapat digunakan sebagai konfirmasi tambahan."
PWR,https://image-cdn.pluang.com/icons/light/global-stocks/pwr.svg,#FF0000,"Harga breakdown di bawah EMA 32, menunjukkan potensi tren turun. Volume dapat digunakan sebagai konfirmasi tambahan."
A,https://image-cdn.pluang.com/icons/light/global-stocks/a.svg,#FF0000,"Harga breakdown di bawah EMA 32, menunjukkan potensi tren turun. Volume dapat digunakan sebagai konfirmasi tambahan."
TTWO,https://image-cdn.pluang.com/icons/light/global-stocks/ttwo.svg,#FF0000,"Harga breakdown di bawah EMA 32, menunjukkan potensi tren turun. Volume dapat digunakan sebagai konfirmasi tambahan."
DAL,https://image-cdn.pluang.com/icons/light/global-stocks/dal.svg,#FF0000,"Harga breakdown di bawah EMA 32, menunjukkan potensi tren turun. Volume dapat digunakan sebagai konfirmasi tambahan."
HUBS,https://image-cdn.pluang.com/icons/light/global-stocks/hubs.svg,#FF0000,"Harga breakdown di bawah EMA 32, menunjukkan potensi tren turun. Volume dapat digunakan sebagai konfirmasi tambahan."
EXR,https://image-cdn.pluang.com/icons/light/global-stocks/exr.svg,#FF0000,"Harga breakdown di bawah EMA 32, menunjukkan potensi tren turun. Volume dapat digunakan sebagai konfirmasi tambahan."
EBAY,https://image-cdn.pluang.com/icons/light/global-stocks/ebay.svg,#FF0000,"Harga breakdown di bawah EMA 32, menunjukkan potensi tren turun. Volume dapat digunakan sebagai konfirmasi tambahan."
BIDU,https://image-cdn.pluang.com/icons/light/global-stocks/bidu.svg,#FF0000,"Harga breakdown di bawah EMA 32, menunjukkan potensi tren turun. Volume dapat digunakan sebagai konfirmasi tambahan."
DD,https://image-cdn.pluang.com/icons/light/global-stocks/dd.svg,#FF0000,"Harga breakdown di bawah EMA 32, menunjukkan potensi tren turun. Volume dapat digunakan sebagai konfirmasi tambahan."
GOLD,https://image-cdn.pluang.com/icons/light/global-stocks/gold.svg,#FF0000,"Harga breakdown di bawah EMA 32, menunjukkan potensi tren turun. Volume dapat digunakan sebagai konfirmasi tambahan."
TTD,https://image-cdn.pluang.com/icons/light/global-stocks/ttd.svg,#FF0000,"Harga breakdown di bawah EMA 32, menunjukkan potensi tren turun. Volume dapat digunakan sebagai konfirmasi tambahan."
WPM,https://image-cdn.pluang.com/icons/light/global-stocks/wpm.svg,#FF0000,"Harga breakdown di bawah EMA 32, menunjukkan potensi tren turun. Volume dapat digunakan sebagai konfirmasi tambahan."
MCHP,https://image-cdn.pluang.com/icons/light/global-stocks/mchp.svg,#FF0000,"Harga breakdown di bawah EMA 32, menunjukkan potensi tren turun. Volume dapat digunakan sebagai konfirmasi tambahan."
ZS,https://image-cdn.pluang.com/icons/light/global-stocks/zs.svg,#FF0000,"Harga breakdown di bawah EMA 32, menunjukkan potensi tren turun. Volume dapat digunakan sebagai konfirmasi tambahan."
XYL,https://image-cdn.pluang.com/icons/light/global-stocks/xyl.svg,#FF0000,"Harga breakdown di bawah EMA 32, menunjukkan potensi tren turun. Volume dapat digunakan sebagai konfirmasi tambahan."
ALNY,https://image-cdn.pluang.com/icons/light/global-stocks/alny.svg,#FF0000,"Harga breakdown di bawah EMA 32, menunjukkan potensi tren turun. Volume dapat digunakan sebagai konfirmasi tambahan."
HUM,https://image-cdn.pluang.com/icons/light/global-stocks/hum.svg,#FF0000,"Harga breakdown di bawah EMA 32, menunjukkan potensi tren turun. Volume dapat digunakan sebagai konfirmasi tambahan."
ROK,https://image-cdn.pluang.com/icons/light/global-stocks/rok.svg,#FF0000,"Harga breakdown di bawah EMA 32, menunjukkan potensi tren turun. Volume dapat digunakan sebagai konfirmasi tambahan."
NUE,https://image-cdn.pluang.com/icons/light/global-stocks/nue.svg,#FF0000,"Harga breakdown di bawah EMA 32, menunjukkan potensi tren turun. Volume dapat digunakan sebagai konfirmasi tambahan."
CAH,https://image-cdn.pluang.com/icons/light/global-stocks/cah.svg,#FF0000,"Harga breakdown di bawah EMA 32, menunjukkan potensi tren turun. Volume dapat digunakan sebagai konfirmasi tambahan."
DXCM,https://image-cdn.pluang.com/icons/light/global-stocks/dxcm.svg,#FF0000,"Harga breakdown di bawah EMA 32, menunjukkan potensi tren turun. Volume dapat digunakan sebagai konfirmasi tambahan."
LI,https://image-cdn.pluang.com/icons/light/global-stocks/li.svg,#FF0000,"Harga breakdown di bawah EMA 32, menunjukkan potensi tren turun. Volume dapat digunakan sebagai konfirmasi tambahan."
CNC,https://image-cdn.pluang.com/icons/light/global-stocks/cnc.svg,#FF0000,"Harga breakdown di bawah EMA 32, menunjukkan potensi tren turun. Volume dapat digunakan sebagai konfirmasi tambahan."
LYV,https://image-cdn.pluang.com/icons/light/global-stocks/lyv.svg,#FF0000,"Harga breakdown di bawah EMA 32, menunjukkan potensi tren turun. Volume dapat digunakan sebagai konfirmasi tambahan."
RJF,https://image-cdn.pluang.com/icons/light/global-stocks/rjf.svg,#FF0000,"Harga breakdown di bawah EMA 32, menunjukkan potensi tren turun. Volume dapat digunakan sebagai konfirmasi tambahan."
MTB,https://image-cdn.pluang.com/icons/light/global-stocks/mtb.svg,#FF0000,"Harga breakdown di bawah EMA 32, menunjukkan potensi tren turun. Volume dapat digunakan sebagai konfirmasi tambahan."
HPQ,https://image-cdn.pluang.com/icons/light/global-stocks/hpq.svg,#FF0000,"Harga breakdown di bawah EMA 32, menunjukkan potensi tren turun. Volume dapat digunakan sebagai konfirmasi tambahan."
ANSS,https://image-cdn.pluang.com/icons/light/global-stocks/anss.svg,#FF0000,"Harga breakdown di bawah EMA 32, menunjukkan potensi tren turun. Volume dapat digunakan sebagai konfirmasi tambahan."
K,https://image-cdn.pluang.com/icons/light/global-stocks/k.svg,#FF0000,"Harga breakdown di bawah EMA 32, menunjukkan potensi tren turun. Volume dapat digunakan sebagai konfirmasi tambahan."
NOK,https://image-cdn.pluang.com/icons/light/global-stocks/nok.svg,#FF0000,"Harga breakdown di bawah EMA 32, menunjukkan potensi tren turun. Volume dapat digunakan sebagai konfirmasi tambahan."
CCL,https://image-cdn.pluang.com/icons/light/global-stocks/ccl.svg,#FF0000,"Harga breakdown di bawah EMA 32, menunjukkan potensi tren turun. Volume dapat digunakan sebagai konfirmasi tambahan."
UAL,https://image-cdn.pluang.com/icons/light/global-stocks/ual.svg,#FF0000,"Harga breakdown di bawah EMA 32, menunjukkan potensi tren turun. Volume dapat digunakan sebagai konfirmasi tambahan."
KEYS,https://image-cdn.pluang.com/icons/light/global-stocks/keys.svg,#FF0000,"Harga breakdown di bawah EMA 32, menunjukkan potensi tren turun. Volume dapat digunakan sebagai konfirmasi tambahan."
EL,https://image-cdn.pluang.com/icons/light/global-stocks/el.svg,#FF0000,"Harga breakdown di bawah EMA 32, menunjukkan potensi tren turun. Volume dapat digunakan sebagai konfirmasi tambahan."
PPG,https://image-cdn.pluang.com/icons/light/global-stocks/ppg.svg,#FF0000,"Harga breakdown di bawah EMA 32, menunjukkan potensi tren turun. Volume dapat digunakan sebagai konfirmasi tambahan."
BNTX,https://image-cdn.pluang.com/icons/light/global-stocks/bntx.svg,#FF0000,"Harga breakdown di bawah EMA 32, menunjukkan potensi tren turun. Volume dapat digunakan sebagai konfirmasi tambahan."
MT,https://image-cdn.pluang.com/icons/light/global-stocks/mt.svg,#FF0000,"Harga breakdown di bawah EMA 32, menunjukkan potensi tren turun. Volume dapat digunakan sebagai konfirmasi tambahan."
DOV,https://image-cdn.pluang.com/icons/light/global-stocks/dov.svg,#FF0000,"Harga breakdown di bawah EMA 32, menunjukkan potensi tren turun. Volume dapat digunakan sebagai konfirmasi tambahan."
PUK,https://image-cdn.pluang.com/icons/light/global-stocks/puk.svg,#FF0000,"Harga breakdown di bawah EMA 32, menunjukkan potensi tren turun. Volume dapat digunakan sebagai konfirmasi tambahan."
CVNA,https://image-cdn.pluang.com/icons/light/global-stocks/cvna.svg,#FF0000,"Harga breakdown di bawah EMA 32, menunjukkan potensi tren turun. Volume dapat digunakan sebagai konfirmasi tambahan."
PHG,https://image-cdn.pluang.com/icons/light/global-stocks/phg.svg,#FF0000,"Harga breakdown di bawah EMA 32, menunjukkan potensi tren turun. Volume dapat digunakan sebagai konfirmasi tambahan."
NTR,https://image-cdn.pluang.com/icons/light/global-stocks/ntr.svg,#FF0000,"Harga breakdown di bawah EMA 32, menunjukkan potensi tren turun. Volume dapat digunakan sebagai konfirmasi tambahan."
LYB,https://image-cdn.pluang.com/icons/light/global-stocks/lyb.svg,#FF0000,"Harga breakdown di bawah EMA 32, menunjukkan potensi tren turun. Volume dapat digunakan sebagai konfirmasi tambahan."
GPN,https://image-cdn.pluang.com/icons/light/global-stocks/gpn.svg,#FF0000,"Harga breakdown di bawah EMA 32, menunjukkan potensi tren turun. Volume dapat digunakan sebagai konfirmasi tambahan."
IRM,https://image-cdn.pluang.com/icons/light/global-stocks/irm.svg,#FF0000,"Harga breakdown di bawah EMA 32, menunjukkan potensi tren turun. Volume dapat digunakan sebagai konfirmasi tambahan."
GDDY,https://image-cdn.pluang.com/icons/light/global-stocks/gddy.svg,#FF0000,"Harga breakdown di bawah EMA 32, menunjukkan potensi tren turun. Volume dapat digunakan sebagai konfirmasi tambahan."
FOX,https://image-cdn.pluang.com/icons/light/global-stocks/fox.svg,#FF0000,"Harga breakdown di bawah EMA 32, menunjukkan potensi tren turun. Volume dapat digunakan sebagai konfirmasi tambahan."
EXPE,https://image-cdn.pluang.com/icons/light/global-stocks/expe.svg,#FF0000,"Harga breakdown di bawah EMA 32, menunjukkan potensi tren turun. Volume dapat digunakan sebagai konfirmasi tambahan."
RYAAY,https://image-cdn.pluang.com/icons/light/global-stocks/ryaay.svg,#FF0000,"Harga breakdown di bawah EMA 32, menunjukkan potensi tren turun. Volume dapat digunakan sebagai konfirmasi tambahan."
CVE,https://image-cdn.pluang.com/icons/light/global-stocks/cve.svg,#FF0000,"Harga breakdown di bawah EMA 32, menunjukkan potensi tren turun. Volume dapat digunakan sebagai konfirmasi tambahan."
PINS,https://image-cdn.pluang.com/icons/light/global-stocks/pins.svg,#FF0000,"Harga breakdown di bawah EMA 32, menunjukkan potensi tren turun. Volume dapat digunakan sebagai konfirmasi tambahan."
WSM,https://image-cdn.pluang.com/icons/light/global-stocks/wsm.svg,#FF0000,"Harga breakdown di bawah EMA 32, menunjukkan potensi tren turun. Volume dapat digunakan sebagai konfirmasi tambahan."
ZM,https://image-cdn.pluang.com/icons/light/global-stocks/zm.svg,#FF0000,"Harga breakdown di bawah EMA 32, menunjukkan potensi tren turun. Volume dapat digunakan sebagai konfirmasi tambahan."
TME,https://image-cdn.pluang.com/icons/light/global-stocks/tme.svg,#FF0000,"Harga breakdown di bawah EMA 32, menunjukkan potensi tren turun. Volume dapat digunakan sebagai konfirmasi tambahan."
STM,https://image-cdn.pluang.com/icons/light/global-stocks/stm.svg,#FF0000,"Harga breakdown di bawah EMA 32, menunjukkan potensi tren turun. Volume dapat digunakan sebagai konfirmasi tambahan."
VRSN,https://image-cdn.pluang.com/icons/light/global-stocks/vrsn.svg,#FF0000,"Harga breakdown di bawah EMA 32, menunjukkan potensi tren turun. Volume dapat digunakan sebagai konfirmasi tambahan."
TROW,https://image-cdn.pluang.com/icons/light/global-stocks/trow.svg,#FF0000,"Harga breakdown di bawah EMA 32, menunjukkan potensi tren turun. Volume dapat digunakan sebagai konfirmasi tambahan."
HBAN,https://image-cdn.pluang.com/icons/light/global-stocks/hban.svg,#FF0000,"Harga breakdown di bawah EMA 32, menunjukkan potensi tren turun. Volume dapat digunakan sebagai konfirmasi tambahan."
BIIB,https://image-cdn.pluang.com/icons/light/global-stocks/biib.svg,#FF0000,"Harga breakdown di bawah EMA 32, menunjukkan potensi tren turun. Volume dapat digunakan sebagai konfirmasi tambahan."
CINF,https://image-cdn.pluang.com/icons/light/global-stocks/cinf.svg,#FF0000,"Harga breakdown di bawah EMA 32, menunjukkan potensi tren turun. Volume dapat digunakan sebagai konfirmasi tambahan."
ASX,https://image-cdn.pluang.com/icons/light/global-stocks/asx.svg,#FF0000,"Harga breakdown di bawah EMA 32, menunjukkan potensi tren turun. Volume dapat digunakan sebagai konfirmasi tambahan."
HPE,https://image-cdn.pluang.com/icons/light/global-stocks/hpe.svg,#FF0000,"Harga breakdown di bawah EMA 32, menunjukkan potensi tren turun. Volume dapat digunakan sebagai konfirmasi tambahan."
OKTA,https://image-cdn.pluang.com/icons/light/global-stocks/okta.svg,#FF0000,"Harga breakdown di bawah EMA 32, menunjukkan potensi tren turun. Volume dapat digunakan sebagai konfirmasi tambahan."
DGX,https://image-cdn.pluang.com/icons/light/global-stocks/dgx.svg,#FF0000,"Harga breakdown di bawah EMA 32, menunjukkan potensi tren turun. Volume dapat digunakan sebagai konfirmasi tambahan."
ESS,https://image-cdn.pluang.com/icons/light/global-stocks/ess.svg,#FF0000,"Harga breakdown di bawah EMA 32, menunjukkan potensi tren turun. Volume dapat digunakan sebagai konfirmasi tambahan."
DKNG,https://image-cdn.pluang.com/icons/light/global-stocks/dkng.svg,#FF0000,"Harga breakdown di bawah EMA 32, menunjukkan potensi tren turun. Volume dapat digunakan sebagai konfirmasi tambahan."
DECK,https://image-cdn.pluang.com/icons/light/global-stocks/deck.svg,#FF0000,"Harga breakdown di bawah EMA 32, menunjukkan potensi tren turun. Volume dapat digunakan sebagai konfirmasi tambahan."
NTAP,https://image-cdn.pluang.com/icons/light/global-stocks/ntap.svg,#FF0000,"Harga breakdown di bawah EMA 32, menunjukkan potensi tren turun. Volume dapat digunakan sebagai konfirmasi tambahan."
YUMC,https://image-cdn.pluang.com/icons/light/global-stocks/yumc.svg,#FF0000,"Harga breakdown di bawah EMA 32, menunjukkan potensi tren turun. Volume dapat digunakan sebagai konfirmasi tambahan."
GRAB,https://image-cdn.pluang.com/icons/light/global-stocks/grab.svg,#FF0000,"Harga breakdown di bawah EMA 32, menunjukkan potensi tren turun. Volume dapat digunakan sebagai konfirmasi tambahan."
STX,https://image-cdn.pluang.com/icons/light/global-stocks/stx.svg,#FF0000,"Harga breakdown di bawah EMA 32, menunjukkan potensi tren turun. Volume dapat digunakan sebagai konfirmasi tambahan."
CLX,https://image-cdn.pluang.com/icons/light/global-stocks/clx.svg,#FF0000,"Harga breakdown di bawah EMA 32, menunjukkan potensi tren turun. Volume dapat digunakan sebagai konfirmasi tambahan."
ZG,https://image-cdn.pluang.com/icons/light/global-stocks/zg.svg,#FF0000,"Harga breakdown di bawah EMA 32, menunjukkan potensi tren turun. Volume dapat digunakan sebagai konfirmasi tambahan."
TER,https://image-cdn.pluang.com/icons/light/global-stocks/ter.svg,#FF0000,"Harga breakdown di bawah EMA 32, menunjukkan potensi tren turun. Volume dapat digunakan sebagai konfirmasi tambahan."
EXPD,https://image-cdn.pluang.com/icons/light/global-stocks/expd.svg,#FF0000,"Harga breakdown di bawah EMA 32, menunjukkan potensi tren turun. Volume dapat digunakan sebagai konfirmasi tambahan."
NRG,https://image-cdn.pluang.com/icons/light/global-stocks/nrg.svg,#FF0000,"Harga breakdown di bawah EMA 32, menunjukkan potensi tren turun. Volume dapat digunakan sebagai konfirmasi tambahan."
KEY,https://image-cdn.pluang.com/icons/light/global-stocks/key.svg,#FF0000,"Harga breakdown di bawah EMA 32, menunjukkan potensi tren turun. Volume dapat digunakan sebagai konfirmasi tambahan."
LUV,https://image-cdn.pluang.com/icons/light/global-stocks/luv.svg,#FF0000,"Harga breakdown di bawah EMA 32, menunjukkan potensi tren turun. Volume dapat digunakan sebagai konfirmasi tambahan."
AFRM,https://image-cdn.pluang.com/icons/light/global-stocks/afrm.svg,#FF0000,"Harga breakdown di bawah EMA 32, menunjukkan potensi tren turun. Volume dapat digunakan sebagai konfirmasi tambahan."
SNAP,https://image-cdn.pluang.com/icons/light/global-stocks/snap.svg,#FF0000,"Harga breakdown di bawah EMA 32, menunjukkan potensi tren turun. Volume dapat digunakan sebagai konfirmasi tambahan."
ULTA,https://image-cdn.pluang.com/icons/light/global-stocks/ulta.svg,#FF0000,"Harga breakdown di bawah EMA 32, menunjukkan potensi tren turun. Volume dapat digunakan sebagai konfirmasi tambahan."
JBHT,https://image-cdn.pluang.com/icons/light/global-stocks/jbht.svg,#FF0000,"Harga breakdown di bawah EMA 32, menunjukkan potensi tren turun. Volume dapat digunakan sebagai konfirmasi tambahan."
DPZ,https://image-cdn.pluang.com/icons/light/global-stocks/dpz.svg,#FF0000,"Harga breakdown di bawah EMA 32, menunjukkan potensi tren turun. Volume dapat digunakan sebagai konfirmasi tambahan."
TWLO,https://image-cdn.pluang.com/icons/light/global-stocks/twlo.svg,#FF0000,"Harga breakdown di bawah EMA 32, menunjukkan potensi tren turun. Volume dapat digunakan sebagai konfirmasi tambahan."
DOCU,https://image-cdn.pluang.com/icons/light/global-stocks/docu.svg,#FF0000,"Harga breakdown di bawah EMA 32, menunjukkan potensi tren turun. Volume dapat digunakan sebagai konfirmasi tambahan."
FFIV,https://image-cdn.pluang.com/icons/light/global-stocks/ffiv.svg,#FF0000,"Harga breakdown di bawah EMA 32, menunjukkan potensi tren turun. Volume dapat digunakan sebagai konfirmasi tambahan."
AU,https://image-cdn.pluang.com/icons/light/global-stocks/au.svg,#FF0000,"Harga breakdown di bawah EMA 32, menunjukkan potensi tren turun. Volume dapat digunakan sebagai konfirmasi tambahan."
FUTU,https://image-cdn.pluang.com/icons/light/global-stocks/futu.svg,#FF0000,"Harga breakdown di bawah EMA 32, menunjukkan potensi tren turun. Volume dapat digunakan sebagai konfirmasi tambahan."
ENTG,https://image-cdn.pluang.com/icons/light/global-stocks/entg.svg,#FF0000,"Harga breakdown di bawah EMA 32, menunjukkan potensi tren turun. Volume dapat digunakan sebagai konfirmasi tambahan."
CG,https://image-cdn.pluang.com/icons/light/global-stocks/cg.svg,#FF0000,"Harga breakdown di bawah EMA 32, menunjukkan potensi tren turun. Volume dapat digunakan sebagai konfirmasi tambahan."
TPR,https://image-cdn.pluang.com/icons/light/global-stocks/tpr.svg,#FF0000,"Harga breakdown di bawah EMA 32, menunjukkan potensi tren turun. Volume dapat digunakan sebagai konfirmasi tambahan."
APTV,https://image-cdn.pluang.com/icons/light/global-stocks/aptv.svg,#FF0000,"Harga breakdown di bawah EMA 32, menunjukkan potensi tren turun. Volume dapat digunakan sebagai konfirmasi tambahan."
MDB,https://image-cdn.pluang.com/icons/light/global-stocks/mdb.svg,#FF0000,"Harga breakdown di bawah EMA 32, menunjukkan potensi tren turun. Volume dapat digunakan sebagai konfirmasi tambahan."
FSLR,https://image-cdn.pluang.com/icons/light/global-stocks/fslr.svg,#FF0000,"Harga breakdown di bawah EMA 32, menunjukkan potensi tren turun. Volume dapat digunakan sebagai konfirmasi tambahan."
DLTR,https://image-cdn.pluang.com/icons/light/global-stocks/dltr.svg,#FF0000,"Harga breakdown di bawah EMA 32, menunjukkan potensi tren turun. Volume dapat digunakan sebagai konfirmasi tambahan."
BAH,https://image-cdn.pluang.com/icons/light/global-stocks/bah.svg,#FF0000,"Harga breakdown di bawah EMA 32, menunjukkan potensi tren turun. Volume dapat digunakan sebagai konfirmasi tambahan."
WDC,https://image-cdn.pluang.com/icons/light/global-stocks/wdc.svg,#FF0000,"Harga breakdown di bawah EMA 32, menunjukkan potensi tren turun. Volume dapat digunakan sebagai konfirmasi tambahan."
LOGI,https://image-cdn.pluang.com/icons/light/global-stocks/logi.svg,#FF0000,"Harga breakdown di bawah EMA 32, menunjukkan potensi tren turun. Volume dapat digunakan sebagai konfirmasi tambahan."
RL,https://image-cdn.pluang.com/icons/light/global-stocks/rl.svg,#FF0000,"Harga breakdown di bawah EMA 32, menunjukkan potensi tren turun. Volume dapat digunakan sebagai konfirmasi tambahan."
KGC,https://image-cdn.pluang.com/icons/light/global-stocks/kgc.svg,#FF0000,"Harga breakdown di bawah EMA 32, menunjukkan potensi tren turun. Volume dapat digunakan sebagai konfirmasi tambahan."
SOFI,https://image-cdn.pluang.com/icons/light/global-stocks/sofi.svg,#FF0000,"Harga breakdown di bawah EMA 32, menunjukkan potensi tren turun. Volume dapat digunakan sebagai konfirmasi tambahan."
SWK,https://image-cdn.pluang.com/icons/light/global-stocks/swk.svg,#FF0000,"Harga breakdown di bawah EMA 32, menunjukkan potensi tren turun. Volume dapat digunakan sebagai konfirmasi tambahan."
ILMN,https://image-cdn.pluang.com/icons/light/global-stocks/ilmn.svg,#FF0000,"Harga breakdown di bawah EMA 32, menunjukkan potensi tren turun. Volume dapat digunakan sebagai konfirmasi tambahan."
CHWY,https://image-cdn.pluang.com/icons/light/global-stocks/chwy.svg,#FF0000,"Harga breakdown di bawah EMA 32, menunjukkan potensi tren turun. Volume dapat digunakan sebagai konfirmasi tambahan."
AMH,https://image-cdn.pluang.com/icons/light/global-stocks/amh.svg,#FF0000,"Harga breakdown di bawah EMA 32, menunjukkan potensi tren turun. Volume dapat digunakan sebagai konfirmasi tambahan."
DUOL,https://image-cdn.pluang.com/icons/light/global-stocks/duol.svg,#FF0000,"Harga breakdown di bawah EMA 32, menunjukkan potensi tren turun. Volume dapat digunakan sebagai konfirmasi tambahan."
AKAM,https://image-cdn.pluang.com/icons/light/global-stocks/akam.svg,#FF0000,"Harga breakdown di bawah EMA 32, menunjukkan potensi tren turun. Volume dapat digunakan sebagai konfirmasi tambahan."
H,https://image-cdn.pluang.com/icons/light/global-stocks/h.svg,#FF0000,"Harga breakdown di bawah EMA 32, menunjukkan potensi tren turun. Volume dapat digunakan sebagai konfirmasi tambahan."
SNN,https://image-cdn.pluang.com/icons/light/global-stocks/snn.svg,#FF0000,"Harga breakdown di bawah EMA 32, menunjukkan potensi tren turun. Volume dapat digunakan sebagai konfirmasi tambahan."
ACM,https://image-cdn.pluang.com/icons/light/global-stocks/acm.svg,#FF0000,"Harga breakdown di bawah EMA 32, menunjukkan potensi tren turun. Volume dapat digunakan sebagai konfirmasi tambahan."
ALGN,https://image-cdn.pluang.com/icons/light/global-stocks/algn.svg,#FF0000,"Harga breakdown di bawah EMA 32, menunjukkan potensi tren turun. Volume dapat digunakan sebagai konfirmasi tambahan."
NLY,https://image-cdn.pluang.com/icons/light/global-stocks/nly.svg,#FF0000,"Harga breakdown di bawah EMA 32, menunjukkan potensi tren turun. Volume dapat digunakan sebagai konfirmasi tambahan."
RIVN,https://image-cdn.pluang.com/icons/light/global-stocks/rivn.svg,#FF0000,"Harga breakdown di bawah EMA 32, menunjukkan potensi tren turun. Volume dapat digunakan sebagai konfirmasi tambahan."
JLL,https://image-cdn.pluang.com/icons/light/global-stocks/jll.svg,#FF0000,"Harga breakdown di bawah EMA 32, menunjukkan potensi tren turun. Volume dapat digunakan sebagai konfirmasi tambahan."
KMX,https://image-cdn.pluang.com/icons/light/global-stocks/kmx.svg,#FF0000,"Harga breakdown di bawah EMA 32, menunjukkan potensi tren turun. Volume dapat digunakan sebagai konfirmasi tambahan."
VTRS,https://image-cdn.pluang.com/icons/light/global-stocks/vtrs.svg,#FF0000,"Harga breakdown di bawah EMA 32, menunjukkan potensi tren turun. Volume dapat digunakan sebagai konfirmasi tambahan."
EPAM,https://image-cdn.pluang.com/icons/light/global-stocks/epam.svg,#FF0000,"Harga breakdown di bawah EMA 32, menunjukkan potensi tren turun. Volume dapat digunakan sebagai konfirmasi tambahan."
GME,https://image-cdn.pluang.com/icons/light/global-stocks/gme.svg,#FF0000,"Harga breakdown di bawah EMA 32, menunjukkan potensi tren turun. Volume dapat digunakan sebagai konfirmasi tambahan."
AFG,https://image-cdn.pluang.com/icons/light/global-stocks/afg.svg,#FF0000,"Harga breakdown di bawah EMA 32, menunjukkan potensi tren turun. Volume dapat digunakan sebagai konfirmasi tambahan."
ALLY,https://image-cdn.pluang.com/icons/light/global-stocks/ally.svg,#FF0000,"Harga breakdown di bawah EMA 32, menunjukkan potensi tren turun. Volume dapat digunakan sebagai konfirmasi tambahan."
TECH,https://image-cdn.pluang.com/icons/light/global-stocks/tech.svg,#FF0000,"Harga breakdown di bawah EMA 32, menunjukkan potensi tren turun. Volume dapat digunakan sebagai konfirmasi tambahan."
WIX,https://image-cdn.pluang.com/icons/light/global-stocks/wix.svg,#FF0000,"Harga breakdown di bawah EMA 32, menunjukkan potensi tren turun. Volume dapat digunakan sebagai konfirmasi tambahan."
U,https://image-cdn.pluang.com/icons/light/global-stocks/u.svg,#FF0000,"Harga breakdown di bawah EMA 32, menunjukkan potensi tren turun. Volume dapat digunakan sebagai konfirmasi tambahan."
CUBE,https://image-cdn.pluang.com/icons/light/global-stocks/cube.svg,#FF0000,"Harga breakdown di bawah EMA 32, menunjukkan potensi tren turun. Volume dapat digunakan sebagai konfirmasi tambahan."
AGNC,https://image-cdn.pluang.com/icons/light/global-stocks/agnc.svg,#FF0000,"Harga breakdown di bawah EMA 32, menunjukkan potensi tren turun. Volume dapat digunakan sebagai konfirmasi tambahan."
EDR,https://image-cdn.pluang.com/icons/light/global-stocks/edr.svg,#FF0000,"Harga breakdown di bawah EMA 32, menunjukkan potensi tren turun. Volume dapat digunakan sebagai konfirmasi tambahan."
GTLB,https://image-cdn.pluang.com/icons/light/global-stocks/gtlb.svg,#FF0000,"Harga breakdown di bawah EMA 32, menunjukkan potensi tren turun. Volume dapat digunakan sebagai konfirmasi tambahan."
MGM,https://image-cdn.pluang.com/icons/light/global-stocks/mgm.svg,#FF0000,"Harga breakdown di bawah EMA 32, menunjukkan potensi tren turun. Volume dapat digunakan sebagai konfirmasi tambahan."
NCLH,https://image-cdn.pluang.com/icons/light/global-stocks/nclh.svg,#FF0000,"Harga breakdown di bawah EMA 32, menunjukkan potensi tren turun. Volume dapat digunakan sebagai konfirmasi tambahan."
VIPS,https://image-cdn.pluang.com/icons/light/global-stocks/vips.svg,#FF0000,"Harga breakdown di bawah EMA 32, menunjukkan potensi tren turun. Volume dapat digunakan sebagai konfirmasi tambahan."
ASND,https://image-cdn.pluang.com/icons/light/global-stocks/asnd.svg,#FF0000,"Harga breakdown di bawah EMA 32, menunjukkan potensi tren turun. Volume dapat digunakan sebagai konfirmasi tambahan."
AAL,https://image-cdn.pluang.com/icons/light/global-stocks/aal.svg,#FF0000,"Harga breakdown di bawah EMA 32, menunjukkan potensi tren turun. Volume dapat digunakan sebagai konfirmasi tambahan."
SIRI,https://image-cdn.pluang.com/icons/light/global-stocks/siri.svg,#FF0000,"Harga breakdown di bawah EMA 32, menunjukkan potensi tren turun. Volume dapat digunakan sebagai konfirmasi tambahan."
KD,https://image-cdn.pluang.com/icons/light/global-stocks/kd.svg,#FF0000,"Harga breakdown di bawah EMA 32, menunjukkan potensi tren turun. Volume dapat digunakan sebagai konfirmasi tambahan."
DLB,https://image-cdn.pluang.com/icons/light/global-stocks/dlb.svg,#FF0000,"Harga breakdown di bawah EMA 32, menunjukkan potensi tren turun. Volume dapat digunakan sebagai konfirmasi tambahan."
DBX,https://image-cdn.pluang.com/icons/light/global-stocks/dbx.svg,#FF0000,"Harga breakdown di bawah EMA 32, menunjukkan potensi tren turun. Volume dapat digunakan sebagai konfirmasi tambahan."
ASTS,https://image-cdn.pluang.com/icons/light/global-stocks/asts.svg,#FF0000,"Harga breakdown di bawah EMA 32, menunjukkan potensi tren turun. Volume dapat digunakan sebagai konfirmasi tambahan."
VFC,https://image-cdn.pluang.com/icons/light/global-stocks/vfc.svg,#FF0000,"Harga breakdown di bawah EMA 32, menunjukkan potensi tren turun. Volume dapat digunakan sebagai konfirmasi tambahan."
BIO,https://image-cdn.pluang.com/icons/light/global-stocks/bio.svg,#FF0000,"Harga breakdown di bawah EMA 32, menunjukkan potensi tren turun. Volume dapat digunakan sebagai konfirmasi tambahan."
BBWI,https://image-cdn.pluang.com/icons/light/global-stocks/bbwi.svg,#FF0000,"Harga breakdown di bawah EMA 32, menunjukkan potensi tren turun. Volume dapat digunakan sebagai konfirmasi tambahan."
IVZ,https://image-cdn.pluang.com/icons/light/global-stocks/ivz.svg,#FF0000,"Harga breakdown di bawah EMA 32, menunjukkan potensi tren turun. Volume dapat digunakan sebagai konfirmasi tambahan."
MAT,https://image-cdn.pluang.com/icons/light/global-stocks/mat.svg,#FF0000,"Harga breakdown di bawah EMA 32, menunjukkan potensi tren turun. Volume dapat digunakan sebagai konfirmasi tambahan."
PATH,https://image-cdn.pluang.com/icons/light/global-stocks/path.svg,#FF0000,"Harga breakdown di bawah EMA 32, menunjukkan potensi tren turun. Volume dapat digunakan sebagai konfirmasi tambahan."
ADT,https://image-cdn.pluang.com/icons/light/global-stocks/adt.svg,#FF0000,"Harga breakdown di bawah EMA 32, menunjukkan potensi tren turun. Volume dapat digunakan sebagai konfirmasi tambahan."
LEVI,https://image-cdn.pluang.com/icons/light/global-stocks/levi.svg,#FF0000,"Harga breakdown di bawah EMA 32, menunjukkan potensi tren turun. Volume dapat digunakan sebagai konfirmasi tambahan."
LCID,https://image-cdn.pluang.com/icons/light/global-stocks/lcid.svg,#FF0000,"Harga breakdown di bawah EMA 32, menunjukkan potensi tren turun. Volume dapat digunakan sebagai konfirmasi tambahan."
CZR,https://image-cdn.pluang.com/icons/light/global-stocks/czr.svg,#FF0000,"Harga breakdown di bawah EMA 32, menunjukkan potensi tren turun. Volume dapat digunakan sebagai konfirmasi tambahan."
BBIO,https://image-cdn.pluang.com/icons/light/global-stocks/bbio.svg,#FF0000,"Harga breakdown di bawah EMA 32, menunjukkan potensi tren turun. Volume dapat digunakan sebagai konfirmasi tambahan."
LUMN,https://image-cdn.pluang.com/icons/light/global-stocks/lumn.svg,#FF0000,"Harga breakdown di bawah EMA 32, menunjukkan potensi tren turun. Volume dapat digunakan sebagai konfirmasi tambahan."
LYFT,https://image-cdn.pluang.com/icons/light/global-stocks/lyft.svg,#FF0000,"Harga breakdown di bawah EMA 32, menunjukkan potensi tren turun. Volume dapat digunakan sebagai konfirmasi tambahan."
UPST,https://image-cdn.pluang.com/icons/light/global-stocks/upst.svg,#FF0000,"Harga breakdown di bawah EMA 32, menunjukkan potensi tren turun. Volume dapat digunakan sebagai konfirmasi tambahan."
BILL,https://image-cdn.pluang.com/icons/light/global-stocks/bill.svg,#FF0000,"Harga breakdown di bawah EMA 32, menunjukkan potensi tren turun. Volume dapat digunakan sebagai konfirmasi tambahan."
FRSH,https://image-cdn.pluang.com/icons/light/global-stocks/frsh.svg,#FF0000,"Harga breakdown di bawah EMA 32, menunjukkan potensi tren turun. Volume dapat digunakan sebagai konfirmasi tambahan."
BOX,https://image-cdn.pluang.com/icons/light/global-stocks/box.svg,#FF0000,"Harga breakdown di bawah EMA 32, menunjukkan potensi tren turun. Volume dapat digunakan sebagai konfirmasi tambahan."
FIVE,https://image-cdn.pluang.com/icons/light/global-stocks/five.svg,#FF0000,"Harga breakdown di bawah EMA 32, menunjukkan potensi tren turun. Volume dapat digunakan sebagai konfirmasi tambahan."
ANF,https://image-cdn.pluang.com/icons/light/global-stocks/anf.svg,#FF0000,"Harga breakdown di bawah EMA 32, menunjukkan potensi tren turun. Volume dapat digunakan sebagai konfirmasi tambahan."
RELY,https://image-cdn.pluang.com/icons/light/global-stocks/rely.svg,#FF0000,"Harga breakdown di bawah EMA 32, menunjukkan potensi tren turun. Volume dapat digunakan sebagai konfirmasi tambahan."
ASAN,https://image-cdn.pluang.com/icons/light/global-stocks/asan.svg,#FF0000,"Harga breakdown di bawah EMA 32, menunjukkan potensi tren turun. Volume dapat digunakan sebagai konfirmasi tambahan."
CRSP,https://image-cdn.pluang.com/icons/light/global-stocks/crsp.svg,#FF0000,"Harga breakdown di bawah EMA 32, menunjukkan potensi tren turun. Volume dapat digunakan sebagai konfirmasi tambahan."
DOCN,https://image-cdn.pluang.com/icons/light/global-stocks/docn.svg,#FF0000,"Harga breakdown di bawah EMA 32, menunjukkan potensi tren turun. Volume dapat digunakan sebagai konfirmasi tambahan."
IAC,https://image-cdn.pluang.com/icons/light/global-stocks/iac.svg,#FF0000,"Harga breakdown di bawah EMA 32, menunjukkan potensi tren turun. Volume dapat digunakan sebagai konfirmasi tambahan."
BRZE,https://image-cdn.pluang.com/icons/light/global-stocks/brze.svg,#FF0000,"Harga breakdown di bawah EMA 32, menunjukkan potensi tren turun. Volume dapat digunakan sebagai konfirmasi tambahan."
XRAY,https://image-cdn.pluang.com/icons/light/global-stocks/xray.svg,#FF0000,"Harga breakdown di bawah EMA 32, menunjukkan potensi tren turun. Volume dapat digunakan sebagai konfirmasi tambahan."
AMED,https://image-cdn.pluang.com/icons/light/global-stocks/amed.svg,#FF0000,"Harga breakdown di bawah EMA 32, menunjukkan potensi tren turun. Volume dapat digunakan sebagai konfirmasi tambahan."
AI,https://image-cdn.pluang.com/icons/light/global-stocks/ai.svg,#FF0000,"Harga breakdown di bawah EMA 32, menunjukkan potensi tren turun. Volume dapat digunakan sebagai konfirmasi tambahan."
ACAD,https://image-cdn.pluang.com/icons/light/global-stocks/acad.svg,#FF0000,"Harga breakdown di bawah EMA 32, menunjukkan potensi tren turun. Volume dapat digunakan sebagai konfirmasi tambahan."
BB,https://image-cdn.pluang.com/icons/light/global-stocks/bb.svg,#FF0000,"Harga breakdown di bawah EMA 32, menunjukkan potensi tren turun. Volume dapat digunakan sebagai konfirmasi tambahan."
PAYO,https://image-cdn.pluang.com/icons/light/global-stocks/payo.svg,#FF0000,"Harga breakdown di bawah EMA 32, menunjukkan potensi tren turun. Volume dapat digunakan sebagai konfirmasi tambahan."
SAM,https://image-cdn.pluang.com/icons/light/global-stocks/sam.svg,#FF0000,"Harga breakdown di bawah EMA 32, menunjukkan potensi tren turun. Volume dapat digunakan sebagai konfirmasi tambahan."
LMND,https://image-cdn.pluang.com/icons/light/global-stocks/lmnd.svg,#FF0000,"Harga breakdown di bawah EMA 32, menunjukkan potensi tren turun. Volume dapat digunakan sebagai konfirmasi tambahan."
CPRI,https://image-cdn.pluang.com/icons/light/global-stocks/cpri.svg,#FF0000,"Harga breakdown di bawah EMA 32, menunjukkan potensi tren turun. Volume dapat digunakan sebagai konfirmasi tambahan."
FIVN,https://image-cdn.pluang.com/icons/light/global-stocks/fivn.svg,#FF0000,"Harga breakdown di bawah EMA 32, menunjukkan potensi tren turun. Volume dapat digunakan sebagai konfirmasi tambahan."
QS,https://image-cdn.pluang.com/icons/light/global-stocks/qs.svg,#FF0000,"Harga breakdown di bawah EMA 32, menunjukkan potensi tren turun. Volume dapat digunakan sebagai konfirmasi tambahan."
PTON,https://image-cdn.pluang.com/icons/light/global-stocks/pton.svg,#FF0000,"Harga breakdown di bawah EMA 32, menunjukkan potensi tren turun. Volume dapat digunakan sebagai konfirmasi tambahan."
MANU,https://image-cdn.pluang.com/icons/light/global-stocks/manu.svg,#FF0000,"Harga breakdown di bawah EMA 32, menunjukkan potensi tren turun. Volume dapat digunakan sebagai konfirmasi tambahan."
APPN,https://image-cdn.pluang.com/icons/light/global-stocks/appn.svg,#FF0000,"Harga breakdown di bawah EMA 32, menunjukkan potensi tren turun. Volume dapat digunakan sebagai konfirmasi tambahan."
TWST,https://image-cdn.pluang.com/icons/light/global-stocks/twst.svg,#FF0000,"Harga breakdown di bawah EMA 32, menunjukkan potensi tren turun. Volume dapat digunakan sebagai konfirmasi tambahan."
IQ,https://image-cdn.pluang.com/icons/light/global-stocks/iq.svg,#FF0000,"Harga breakdown di bawah EMA 32, menunjukkan potensi tren turun. Volume dapat digunakan sebagai konfirmasi tambahan."
JBLU,https://image-cdn.pluang.com/icons/light/global-stocks/jblu.svg,#FF0000,"Harga breakdown di bawah EMA 32, menunjukkan potensi tren turun. Volume dapat digunakan sebagai konfirmasi tambahan."
IIPR,https://image-cdn.pluang.com/icons/light/global-stocks/iipr.svg,#FF0000,"Harga breakdown di bawah EMA 32, menunjukkan potensi tren turun. Volume dapat digunakan sebagai konfirmasi tambahan."
MQ,https://image-cdn.pluang.com/icons/light/global-stocks/mq.svg,#FF0000,"Harga breakdown di bawah EMA 32, menunjukkan potensi tren turun. Volume dapat digunakan sebagai konfirmasi tambahan."
TRIP,https://image-cdn.pluang.com/icons/light/global-stocks/trip.svg,#FF0000,"Harga breakdown di bawah EMA 32, menunjukkan potensi tren turun. Volume dapat digunakan sebagai konfirmasi tambahan."
UPWK,https://image-cdn.pluang.com/icons/light/global-stocks/upwk.svg,#FF0000,"Harga breakdown di bawah EMA 32, menunjukkan potensi tren turun. Volume dapat digunakan sebagai konfirmasi tambahan."
PLUG,https://image-cdn.pluang.com/icons/light/global-stocks/plug.svg,#FF0000,"Harga breakdown di bawah EMA 32, menunjukkan potensi tren turun. Volume dapat digunakan sebagai konfirmasi tambahan."
AMPL,https://image-cdn.pluang.com/icons/light/global-stocks/ampl.svg,#FF0000,"Harga breakdown di bawah EMA 32, menunjukkan potensi tren turun. Volume dapat digunakan sebagai konfirmasi tambahan."
TDOC,https://image-cdn.pluang.com/icons/light/global-stocks/tdoc.svg,#FF0000,"Harga breakdown di bawah EMA 32, menunjukkan potensi tren turun. Volume dapat digunakan sebagai konfirmasi tambahan."
VSCO,https://image-cdn.pluang.com/icons/light/global-stocks/vsco.svg,#FF0000,"Harga breakdown di bawah EMA 32, menunjukkan potensi tren turun. Volume dapat digunakan sebagai konfirmasi tambahan."
TXG,https://image-cdn.pluang.com/icons/light/global-stocks/txg.svg,#FF0000,"Harga breakdown di bawah EMA 32, menunjukkan potensi tren turun. Volume dapat digunakan sebagai konfirmasi tambahan."
AMC,https://image-cdn.pluang.com/icons/light/global-stocks/amc.svg,#FF0000,"Harga breakdown di bawah EMA 32, menunjukkan potensi tren turun. Volume dapat digunakan sebagai konfirmasi tambahan."
AIV,https://image-cdn.pluang.com/icons/light/global-stocks/aiv.svg,#FF0000,"Harga breakdown di bawah EMA 32, menunjukkan potensi tren turun. Volume dapat digunakan sebagai konfirmasi tambahan."
COUR,https://image-cdn.pluang.com/icons/light/global-stocks/cour.svg,#FF0000,"Harga breakdown di bawah EMA 32, menunjukkan potensi tren turun. Volume dapat digunakan sebagai konfirmasi tambahan."
ADPT,https://image-cdn.pluang.com/icons/light/global-stocks/adpt.svg,#FF0000,"Harga breakdown di bawah EMA 32, menunjukkan potensi tren turun. Volume dapat digunakan sebagai konfirmasi tambahan."
FUBO,https://image-cdn.pluang.com/icons/light/global-stocks/fubo.svg,#FF0000,"Harga breakdown di bawah EMA 32, menunjukkan potensi tren turun. Volume dapat digunakan sebagai konfirmasi tambahan."
DNUT,https://image-cdn.pluang.com/icons/light/global-stocks/dnut.svg,#FF0000,"Harga breakdown di bawah EMA 32, menunjukkan potensi tren turun. Volume dapat digunakan sebagai konfirmasi tambahan."
FSLY,https://image-cdn.pluang.com/icons/light/global-stocks/fsly.svg,#FF0000,"Harga breakdown di bawah EMA 32, menunjukkan potensi tren turun. Volume dapat digunakan sebagai konfirmasi tambahan."
VMEO,https://image-cdn.pluang.com/icons/light/global-stocks/vmeo.svg,#FF0000,"Harga breakdown di bawah EMA 32, menunjukkan potensi tren turun. Volume dapat digunakan sebagai konfirmasi tambahan."
FVRR,https://image-cdn.pluang.com/icons/light/global-stocks/fvrr.svg,#FF0000,"Harga breakdown di bawah EMA 32, menunjukkan potensi tren turun. Volume dapat digunakan sebagai konfirmasi tambahan."
OPEN,https://image-cdn.pluang.com/icons/light/global-stocks/open.svg,#FF0000,"Harga breakdown di bawah EMA 32, menunjukkan potensi tren turun. Volume dapat digunakan sebagai konfirmasi tambahan."
ANGI,https://image-cdn.pluang.com/icons/light/global-stocks/angi.svg,#FF0000,"Harga breakdown di bawah EMA 32, menunjukkan potensi tren turun. Volume dapat digunakan sebagai konfirmasi tambahan."
FIGS,https://image-cdn.pluang.com/icons/light/global-stocks/figs.svg,#FF0000,"Harga breakdown di bawah EMA 32, menunjukkan potensi tren turun. Volume dapat digunakan sebagai konfirmasi tambahan."
NRDS,https://image-cdn.pluang.com/icons/light/global-stocks/nrds.svg,#FF0000,"Harga breakdown di bawah EMA 32, menunjukkan potensi tren turun. Volume dapat digunakan sebagai konfirmasi tambahan."
ABCL,https://image-cdn.pluang.com/icons/light/global-stocks/abcl.svg,#FF0000,"Harga breakdown di bawah EMA 32, menunjukkan potensi tren turun. Volume dapat digunakan sebagai konfirmasi tambahan."
SFIX,https://image-cdn.pluang.com/icons/light/global-stocks/sfix.svg,#FF0000,"Harga breakdown di bawah EMA 32, menunjukkan potensi tren turun. Volume dapat digunakan sebagai konfirmasi tambahan."
BMBL,https://image-cdn.pluang.com/icons/light/global-stocks/bmbl.svg,#FF0000,"Harga breakdown di bawah EMA 32, menunjukkan potensi tren turun. Volume dapat digunakan sebagai konfirmasi tambahan."
API,https://image-cdn.pluang.com/icons/light/global-stocks/api.svg,#FF0000,"Harga breakdown di bawah EMA 32, menunjukkan potensi tren turun. Volume dapat digunakan sebagai konfirmasi tambahan."
FNKO,https://image-cdn.pluang.com/icons/light/global-stocks/fnko.svg,#FF0000,"Harga breakdown di bawah EMA 32, menunjukkan potensi tren turun. Volume dapat digunakan sebagai konfirmasi tambahan."
PUBM,https://image-cdn.pluang.com/icons/light/global-stocks/pubm.svg,#FF0000,"Harga breakdown di bawah EMA 32, menunjukkan potensi tren turun. Volume dapat digunakan sebagai konfirmasi tambahan."
EXFY,https://image-cdn.pluang.com/icons/light/global-stocks/exfy.svg,#FF0000,"Harga breakdown di bawah EMA 32, menunjukkan potensi tren turun. Volume dapat digunakan sebagai konfirmasi tambahan."
JMIA,https://image-cdn.pluang.com/icons/light/global-stocks/jmia.svg,#FF0000,"Harga breakdown di bawah EMA 32, menunjukkan potensi tren turun. Volume dapat digunakan sebagai konfirmasi tambahan."
TDUP,https://image-cdn.pluang.com/icons/light/global-stocks/tdup.svg,#FF0000,"Harga breakdown di bawah EMA 32, menunjukkan potensi tren turun. Volume dapat digunakan sebagai konfirmasi tambahan."
BYND,https://image-cdn.pluang.com/icons/light/global-stocks/bynd.svg,#FF0000,"Harga breakdown di bawah EMA 32, menunjukkan potensi tren turun. Volume dapat digunakan sebagai konfirmasi tambahan."
LOGC,https://image-cdn.pluang.com/icons/light/global-stocks/logc.svg,#FF0000,"Harga breakdown di bawah EMA 32, menunjukkan potensi tren turun. Volume dapat digunakan sebagai konfirmasi tambahan."
CGC,https://image-cdn.pluang.com/icons/light/global-stocks/cgc.svg,#FF0000,"Harga breakdown di bawah EMA 32, menunjukkan potensi tren turun. Volume dapat digunakan sebagai konfirmasi tambahan."
LAZR,https://image-cdn.pluang.com/icons/light/global-stocks/lazr.svg,#FF0000,"Harga breakdown di bawah EMA 32, menunjukkan potensi tren turun. Volume dapat digunakan sebagai konfirmasi tambahan."
QVCGA,https://image-cdn.pluang.com/icons/light/global-stocks/qvcga.svg,#FF0000,"Harga breakdown di bawah EMA 32, menunjukkan potensi tren turun. Volume dapat digunakan sebagai konfirmasi tambahan."
FCEL,https://image-cdn.pluang.com/icons/light/global-stocks/fcel.svg,#FF0000,"Harga breakdown di bawah EMA 32, menunjukkan potensi tren turun. Volume dapat digunakan sebagai konfirmasi tambahan."
SAVA,https://image-cdn.pluang.com/icons/light/global-stocks/sava.svg,#FF0000,"Harga breakdown di bawah EMA 32, menunjukkan potensi tren turun. Volume dapat digunakan sebagai konfirmasi tambahan."
AMWL,https://image-cdn.pluang.com/icons/light/global-stocks/amwl.svg,#FF0000,"Harga breakdown di bawah EMA 32, menunjukkan potensi tren turun. Volume dapat digunakan sebagai konfirmasi tambahan."
SPCE,https://image-cdn.pluang.com/icons/light/global-stocks/spce.svg,#FF0000,"Harga breakdown di bawah EMA 32, menunjukkan potensi tren turun. Volume dapat digunakan sebagai konfirmasi tambahan."
GPRO,https://image-cdn.pluang.com/icons/light/global-stocks/gpro.svg,#FF0000,"Harga breakdown di bawah EMA 32, menunjukkan potensi tren turun. Volume dapat digunakan sebagai konfirmasi tambahan."
PRTS,https://image-cdn.pluang.com/icons/light/global-stocks/prts.svg,#FF0000,"Harga breakdown di bawah EMA 32, menunjukkan potensi tren turun. Volume dapat digunakan sebagai konfirmasi tambahan."
ALLK,https://image-cdn.pluang.com/icons/light/global-stocks/allk.svg,#FF0000,"Harga breakdown di bawah EMA 32, menunjukkan potensi tren turun. Volume dapat digunakan sebagai konfirmasi tambahan."
NKLA,https://image-cdn.pluang.com/icons/light/global-stocks/nkla.svg,#FF0000,"Harga breakdown di bawah EMA 32, menunjukkan potensi tren turun. Volume dapat digunakan sebagai konfirmasi tambahan."
RENT,https://image-cdn.pluang.com/icons/light/global-stocks/rent.svg,#FF0000,"Harga breakdown di bawah EMA 32, menunjukkan potensi tren turun. Volume dapat digunakan sebagai konfirmasi tambahan."
ARCC,https://image-cdn.pluang.com/icons/light/global-stocks/arcc.svg,#FF0000,"Harga breakdown di bawah EMA 32, menunjukkan potensi tren turun. Volume dapat digunakan sebagai konfirmasi tambahan."
